"QUARTER","ORIGIN","ORIGIN_STATE_ABR","DEST","DEST_STATE_ABR","AIRPORT_GROUP","OP_CARRIER_GROUP","PASSENGERS","MARKET_FARE","MARKET_DISTANCE","ITIN_GEO_TYPE","numLayovers"
1,"PHX","AZ","JFK","NY","PHX:JFK","AA",1,167.42,2153,2,0
1,"CLT","NC","ROC","NY","CLT:ROC","US",1,345,573,2,0
1,"LGA","NY","MCO","FL","LGA:MCO","DL",2,209,950,2,0
1,"MIA","FL","LGA","NY","MIA:LGA","AA",16,118,1096,2,0
1,"ABQ","NM","LGA","NY","ABQ:MDW:LGA","WN:WN",3,120,1121,2,1
1,"LGA","NY","HOU","TX","LGA:HOU","WN",4,348,1428,2,0
1,"HHH","SC","LGA","NY","HHH:CLT:LGA","17:MQ",1,232.5,207,2,1
1,"FLL","FL","LGA","NY","FLL:JFK:LGA","DL:--",1,328.92,1069,2,1
1,"ALB","NY","PHL","PA","ALB:PHL","ZW",1,230.5,212,2,0
1,"LGA","NY","MCO","FL","LGA:MCO","B6",2,224,950,2,0
1,"BQN","PR","JFK","NY","BQN:JFK","B6",1,234.5,1576,1,0
1,"ROC","NY","LAX","CA","ROC:EWR:LAX","EV:UA",1,702.26,246,2,1
1,"LGA","NY","TPA","FL","LGA:TPA","DL",1,343,1010,2,0
1,"TPA","FL","BUF","NY","TPA:BUF","WN",1,107.89,1053,2,0
1,"BUF","NY","MSP","MN","BUF:MSP","YX",1,124,735,2,0
1,"LGA","NY","ATL","GA","LGA:EWR:ATL","--:DL",1,326.5,17,2,1
1,"OGG","HI","ALB","NY","OGG:SFO:IAD:ALB","UA:UA:YX",1,687.84,2338,1,2
1,"DFW","TX","HPN","NY","DFW:PHL:HPN","US:ZW",1,196.32,1303,2,1
1,"LGA","NY","MIA","FL","LGA:MIA","DL",1,134.24,1096,2,0
1,"LGA","NY","MKE","WI","LGA:MKE","9E",1,106.5,738,2,0
1,"JFK","NY","ABQ","NM","JFK:ABQ","B6",1,240.5,1826,2,0
1,"HPN","NY","PBI","FL","HPN:PBI","B6",1,223,1056,2,0
1,"JFK","NY","MCO","FL","JFK:MCO","B6",14,197,944,2,0
1,"JFK","NY","PDX","OR","JFK:PDX","DL",1,277,2454,2,0
1,"DCA","VA","LGA","NY","DCA:LGA","US",2,179.5,214,2,0
1,"JFK","NY","SJU","PR","JFK:SJU","AA",1,191.5,1598,1,0
1,"CVG","KY","LGA","NY","CVG:DCA:LGA","US:US",1,425.62,411,2,1
1,"BUF","NY","MDW","IL","BUF:MDW","WN",1,104,468,2,0
1,"FLL","FL","LGA","NY","FLL:LGA","DL",14,108.5,1076,2,0
1,"GPT","MS","BUF","NY","GPT:ATL:BUF","DL:DL",1,168.5,352,2,1
1,"IND","IN","LGA","NY","IND:LGA","S5",1,186.5,660,2,0
1,"JFK","NY","RDU","NC","JFK:CLT:RDU","US:US",1,89,541,2,1
1,"CHA","TN","SYR","NY","CHA:ATL:JFK:SYR","EV:DL:RP",1,255,106,2,2
1,"JFK","NY","BOS","MA","JFK:BOS","AA",1,218,187,2,0
1,"HPN","NY","PBI","FL","HPN:PBI","B6",1,257,1056,2,0
1,"BUF","NY","LAS","NV","BUF:JFK:LAS","RP:DL",1,390.9,301,2,1
1,"DTW","MI","LGA","NY","DTW:ORD:LGA","US:AA",1,295,235,2,1
1,"MIA","FL","LGA","NY","MIA:LGA","DL",2,281.5,1096,2,0
1,"BOS","MA","JFK","NY","BOS:JFK","B6",5,100,187,2,0
1,"LGA","NY","BNA","TN","LGA:BNA","MQ",2,134,764,2,0
1,"ROC","NY","LGA","NY","ROC:LGA","G7",1,112.5,254,2,0
1,"ROC","NY","AUS","TX","ROC:PHL:AUS","17:US",1,72.26,257,2,1
1,"JFK","NY","MSY","LA","JFK:MSY","9E",1,122,1182,2,0
1,"MCO","FL","LGA","NY","MCO:LGA","DL",1,505.5,950,2,0
1,"LGA","NY","IND","IN","LGA:IND","G7",1,420,660,2,0
1,"ORD","IL","JFK","NY","ORD:IAD:JFK","UA:EV",1,214,589,2,1
1,"PHL","PA","LGA","NY","PHL:LGA","ZW",1,518,96,2,0
1,"DEN","CO","JFK","NY","DEN:JFK","B6",1,425,1626,2,0
1,"JFK","NY","SJU","PR","JFK:SJU","AA",4,196,1598,1,0
1,"PSP","CA","JFK","NY","PSP:LAX:JFK","OO:UA",1,2724.98,110,2,1
1,"JFK","NY","DCA","VA","JFK:DCA","MQ",5,84,213,2,0
1,"SYR","NY","COS","CO","SYR:CLT:DFW:COS","US:AA:AA",1,663.75,603,2,2
1,"MCI","MO","ALB","NY","MCI:BWI:ALB","WN:WN",1,205,967,2,1
1,"LGA","NY","ORD","IL","LGA:ORD","NK",3,82.5,733,2,0
1,"LGA","NY","LAS","NV","LGA:ATL:LAS","FL:FL",2,200,762,2,1
1,"LGA","NY","IND","IN","LGA:DCA:IND","US:YX",2,106.5,214,2,1
1,"BNA","TN","LGA","NY","BNA:LGA","WN",1,137.5,764,2,0
1,"ORD","IL","ROC","NY","ORD:ROC","RP",1,125,528,2,0
1,"JFK","NY","PBI","FL","JFK:PBI","B6",1,148.57,1028,2,0
1,"HPN","NY","MSP","MN","HPN:PHL:MSP","US:US",1,246.48,115,2,1
1,"JFK","NY","MCO","FL","JFK:MCO","B6",5,246.5,944,2,0
1,"LAS","NV","SWF","NY","LAS:PHL:SWF","US:ZW",1,919,2176,2,1
1,"LAS","NV","JFK","NY","LAS:JFK","AA",8,158,2248,2,0
1,"LGA","NY","PIT","PA","LGA:PIT","YX",1,227.5,335,2,0
1,"STL","MO","LGA","NY","STL:LGA","G7",1,322.5,888,2,0
1,"RDU","NC","JFK","NY","RDU:JFK","9E",4,98,427,2,0
1,"LGA","NY","PBI","FL","LGA:PBI","AA",1,176,1035,2,0
1,"JFK","NY","SAN","CA","JFK:SAN","B6",48,203,2446,2,0
1,"JFK","NY","PHX","AZ","JFK:ATL:PHX","DL:DL",1,150.73,760,2,1
1,"BUF","NY","LAX","CA","BUF:DTW:LAX","9E:DL",1,218,241,2,1
1,"ATL","GA","HPN","NY","ATL:PHL:HPN","YX:17",1,128.76,666,2,1
1,"BUF","NY","PHL","PA","BUF:PHL","YX",1,382,279,2,0
1,"LGA","NY","AUS","TX","LGA:IAD:AUS","EV:G7",1,144,229,2,1
1,"SYR","NY","MCO","FL","SYR:LGA:MCO","EV:DL",1,113.5,198,2,1
1,"BUF","NY","AUS","TX","BUF:ORD:IAH:AUS","UA:UA:UA",1,142.97,473,2,2
1,"LGA","NY","MCI","MO","LGA:MCI","CP",1,532,1107,2,0
1,"PHX","AZ","JFK","NY","PHX:CLT:JFK","US:US",1,332,1773,2,1
1,"LGA","NY","HOU","TX","LGA:HOU","WN",1,128,1428,2,0
1,"ALB","NY","DCA","VA","ALB:DCA","YX",2,111,318,2,0
1,"RDU","NC","BUF","NY","RDU:BWI:BUF","WN:WN",1,127,255,2,1
1,"ATL","GA","ISP","NY","ATL:ISP","WN",2,145,795,2,0
1,"MEM","TN","LGA","NY","MEM:CLT:LGA","US:US",1,139.21,511,2,1
1,"PBI","FL","JFK","NY","PBI:JFK","B6",1,168.41,1028,2,0
1,"BUF","NY","MSY","LA","BUF:FLL:MSY","WN:WN",1,331.46,1165,2,1
1,"BUR","CA","SYR","NY","BUR:JFK:SYR","B6:B6",1,542,2465,2,1
1,"LGA","NY","RSW","FL","LGA:RSW","DL",3,130.5,1080,2,0
1,"SYR","NY","SAV","GA","SYR:CLT:SAV","US:YV",1,213.63,603,2,1
1,"CHS","SC","ISP","NY","CHS:BWI:ISP","WN:WN",2,89.68,472,2,1
1,"LAS","NV","LGA","NY","LAS:IAH:LGA","UA:UA",1,221.5,1222,2,1
1,"LGA","NY","DEN","CO","LGA:DEN","DL",1,429.5,1620,2,0
1,"SAT","TX","LGA","NY","SAT:IAH:LGA","OO:UA",1,619,191,2,1
1,"ALB","NY","DEN","CO","ALB:LAS:DEN","WN:WN",1,484.01,2237,2,1
1,"ROC","NY","SEA","WA","ROC:DTW:SEA","RP:DL",1,243.24,296,2,1
1,"EGE","CO","LGA","NY","EGE:DEN:LGA","YX:UA",1,491,120,2,1
1,"LGA","NY","DFW","TX","LGA:DFW","NK",38,80,1389,2,0
1,"ALB","NY","DFW","TX","ALB:ATL:DFW","EV:DL",1,282,853,2,1
1,"ORD","IL","LGA","NY","ORD:LGA","UA",1,516.5,733,2,0
1,"BOS","MA","BUF","NY","BOS:BUF","B6",1,117.5,395,2,0
1,"MCO","FL","ROC","NY","MCO:DTW:ROC","DL:RP",1,141.5,957,2,1
1,"LGA","NY","CVG","KY","LGA:DCA:CVG","US:16",1,226,214,2,1
2,"JFK","NY","LAX","CA","JFK:DFW:LAX","AA:AA",1,316,1391,2,1
2,"LGA","NY","SDF","KY","LGA:SDF","RP",1,305,659,2,0
2,"FLL","FL","JFK","NY","FLL:JFK","DL",2,271,1069,2,0
2,"SJC","CA","LGA","NY","SJC:PHX:CLT:LGA","US:US:US",1,216.57,621,2,2
2,"FLL","FL","SYR","NY","FLL:LGA:SYR","DL:9E",1,161.59,1076,2,1
2,"LGA","NY","PBI","FL","LGA:PBI","DL",3,163,1035,2,0
2,"ROC","NY","PHX","AZ","ROC:CLT:PHX","US:US",1,186.56,573,2,1
2,"SDF","KY","ROC","NY","SDF:ATL:ROC","DL:DL",1,223,321,2,1
2,"JFK","NY","AUS","TX","JFK:AUS","B6",1,150,1521,2,0
2,"ROC","NY","MYR","SC","ROC:PHL:MYR","ZW:16",1,422,257,2,1
2,"MIA","FL","BUF","NY","MIA:LGA:BUF","DL:G7",1,203,1096,2,1
2,"LGA","NY","ORD","IL","LGA:EWR:ORD","--:UA",1,324.34,17,2,1
2,"ALB","NY","ONT","CA","ALB:MDW:ONT","WN:WN",1,563,717,2,1
2,"LGA","NY","DTW","MI","LGA:DTW","DL",1,291.5,502,2,0
2,"LGA","NY","GJT","CO","LGA:DEN:GJT","UA:EV",1,251.38,1620,2,1
2,"BUF","NY","EWR","NJ","BUF:EWR","S5",2,219,282,2,0
2,"BUF","NY","RSW","FL","BUF:ATL:RSW","DL:DL",2,150.6,712,2,1
2,"LGA","NY","ORF","VA","LGA:ORF","MQ",1,138.49,296,2,0
2,"AUS","TX","JFK","NY","AUS:JFK","B6",1,195.15,1521,2,0
2,"LAS","NV","JFK","NY","LAS:JFK","DL",64,162,2248,2,0
2,"SAT","TX","HPN","NY","SAT:ATL:HPN","DL:EV",1,282.23,874,2,1
2,"ATL","GA","BUF","NY","ATL:PHL:BUF","US:ZW",1,257,666,2,1
2,"CHS","SC","ISP","NY","CHS:BWI:ISP","WN:WN",1,124.5,472,2,1
2,"JFK","NY","HNL","HI","JFK:MSP:HNL","9E:DL",1,576.94,1029,1,1
2,"LGB","CA","JFK","NY","LGB:JFK","B6",5,586.5,2465,2,0
2,"DCA","VA","BUF","NY","DCA:PHL:BUF","YX:ZW",1,215.63,119,2,1
2,"JFK","NY","MCO","FL","JFK:MCO","DL",1,133,944,2,0
2,"CVG","KY","JFK","NY","CVG:JFK","9E",1,210,589,2,0
2,"RDU","NC","JFK","NY","RDU:JFK","MQ",2,210.5,427,2,0
2,"LGA","NY","CLT","NC","LGA:CLT","YV",1,95.5,544,2,0
2,"BUF","NY","MSP","MN","BUF:MSP","9E",1,303.5,735,2,0
2,"RDU","NC","LGA","NY","RDU:LGA","MQ",1,261.5,431,2,0
2,"SYR","NY","ATL","GA","SYR:EWR:LGA:ATL","EV:--:DL",1,459.1,195,2,2
2,"MCO","FL","SYR","NY","MCO:CLT:SYR","US:US",1,113.5,468,2,1
2,"DTW","MI","HPN","NY","DTW:HPN","9E",1,602,505,2,0
2,"LGA","NY","YUM","AZ","LGA:CLT:PHX:YUM","US:US:OO",1,172,544,2,2
2,"ISP","NY","MCO","FL","ISP:MCO","WN",2,361,971,2,0
2,"SFO","CA","BUF","NY","SFO:IAD:BUF","UA:S5",1,493.47,2419,2,1
2,"JFK","NY","BUR","CA","JFK:BUR","B6",2,239.5,2465,2,0
2,"DEN","CO","LGA","NY","DEN:LGA","UA",1,373.5,1620,2,0
2,"LGA","NY","SLC","UT","LGA:ORD:SLC","AA:YX",1,207.9,733,2,1
2,"ROC","NY","BWI","MD","ROC:BWI","WN",5,244,277,2,0
2,"ALB","NY","PHX","AZ","ALB:PHL:PHX","17:US",1,309,212,2,1
2,"ATL","GA","JFK","NY","ATL:JFK","DL",3,226,760,2,0
2,"LGA","NY","IAH","TX","LGA:IAH","UA",1,190,1416,2,0
2,"JFK","NY","LNY","HI","JFK:HNL:LNY","HA:WP",1,469,4983,1,1
2,"MCO","FL","JFK","NY","MCO:JFK","AA",1,221,944,2,0
2,"ROC","NY","MKE","WI","ROC:ORD:MKE","S5:OO",1,267,528,2,1
2,"MCO","FL","LGA","NY","MCO:LGA","B6",1,324,950,2,0
2,"BOS","MA","ROC","NY","BOS:ROC","ZW",1,274,343,2,0
2,"BUF","NY","DCA","VA","BUF:DCA","ZW",5,89,296,2,0
2,"JFK","NY","LAX","CA","JFK:LAX","VX",1,135.5,2475,2,0
2,"LGA","NY","DTW","MI","LGA:DTW","DL",1,545.5,502,2,0
2,"LAX","CA","JFK","NY","LAX:JFK","AA",1,3451,2475,2,0
2,"LGA","NY","DEN","CO","LGA:DEN","DL",1,482.61,1620,2,0
2,"DEN","CO","JFK","NY","DEN:JFK","DL",1,121.5,1626,2,0
2,"LGA","NY","STL","MO","LGA:STL","G7",1,262.1,888,2,0
2,"STL","MO","HPN","NY","STL:ATL:HPN","DL:EV",1,392.5,484,2,1
2,"ORD","IL","LGA","NY","ORD:LGA","UA",1,428.5,733,2,0
2,"SEA","WA","JFK","NY","SEA:JFK","DL",1,392,2422,2,0
2,"ABI","TX","LGA","NY","ABI:DFW:LGA","MQ:AA",1,240.26,158,2,1
2,"MCI","MO","LGA","NY","MCI:MDW:EWR:LGA","WN:WN:--",1,185.86,405,2,2
2,"ABQ","NM","LGA","NY","ABQ:PHX:CLT:PWM:LGA","OO:US:US:DL",1,533,328,2,3
2,"MSY","LA","LGA","NY","MSY:IAH:LGA","UA:UA",1,131.5,305,2,1
2,"SAN","CA","ALB","NY","SAN:MSP:ALB","DL:9E",1,395,1532,2,1
2,"LGA","NY","PIA","IL","LGA:ORD:PIA","UA:AX",1,152.17,733,2,1
2,"BUF","NY","MDW","IL","BUF:MDW","WN",1,176.5,468,2,0
2,"BUF","NY","MCO","FL","BUF:MCO","WN",1,168.5,1011,2,0
2,"FSD","SD","BUF","NY","FSD:MSP:DTW:BUF","EV:DL:DL",1,514.67,196,2,2
2,"ORD","IL","LGA","NY","ORD:LGA","S5",2,359,733,2,0
2,"LGA","NY","ATL","GA","LGA:ATL","DL",1,266.57,762,2,0
2,"ELM","NY","FLL","FL","ELM:DTW:FLL","EV:DL",1,138.5,332,2,1
2,"BUF","NY","JFK","NY","BUF:JFK","9E",1,128.5,301,2,0
2,"ELM","NY","MKE","WI","ELM:DTW:MKE","EV:OO",1,193.5,332,2,1
2,"ATL","GA","LGA","NY","ATL:LGA","FL",22,218,762,2,0
2,"ORD","IL","LGA","NY","ORD:IND:IAD:LGA","EV:S5:EV",1,238.66,177,2,2
2,"DFW","TX","LGA","NY","DFW:LGA","CP",1,512,1389,2,0
2,"LGA","NY","ATL","GA","LGA:ATL","FL",1,317,762,2,0
2,"IND","IN","LGA","NY","IND:LGA","S5",2,303,660,2,0
2,"ROC","NY","RDU","NC","ROC:LGA:RDU","G7:G7",1,96,254,2,1
2,"BUF","NY","ATL","GA","BUF:CLT:ATL","US:YV",1,170.17,546,2,1
2,"SAT","TX","JFK","NY","SAT:MSP:JFK","EV:DL",1,635.54,1097,2,1
2,"GSP","SC","ALB","NY","GSP:ATL:ALB","DL:DL",1,767,153,2,1
2,"PHX","AZ","LGA","NY","PHX:ORD:LGA","AA:AA",1,1413,1440,2,1
2,"SYR","NY","PSP","CA","SYR:DCA:DFW:PSP","YX:AA:AA",1,240,298,2,2
2,"ELM","NY","JAX","FL","ELM:DTW:ATL:JAX","EV:DL:DL",1,371.92,332,2,2
2,"SAN","CA","JFK","NY","SAN:JFK","DL",1,1803,2446,2,0
2,"JFK","NY","SCE","PA","JFK:IAD:SCE","EV:C5",1,224.5,228,2,1
2,"ATL","GA","LGA","NY","ATL:LGA","DL",1,486.5,762,2,0
2,"BUF","NY","FLL","FL","BUF:FLL","WN",2,129.5,1165,2,0
2,"PBI","FL","LGA","NY","PBI:LGA","DL",5,345,1035,2,0
2,"MHT","NH","LGA","NY","MHT:LGA","CP",1,146,195,2,0
2,"MCO","FL","HPN","NY","MCO:HPN","B6",2,175.02,972,2,0
2,"JFK","NY","MIA","FL","JFK:MIA","AA",1,199.36,1089,2,0
2,"LGA","NY","TPA","FL","LGA:JFK:TPA","--:DL",1,161.1,11,2,1
2,"EYW","FL","LGA","NY","EYW:MIA:LGA","AA:AA",1,212.63,125,2,1
2,"IAH","TX","LGA","NY","IAH:LGA","UA",2,237,1416,2,0
2,"JFK","NY","PIT","PA","JFK:PIT","9E",1,151.5,340,2,0
2,"CLT","NC","BUF","NY","CLT:IAD:BUF","YV:YX",1,239,322,2,1
2,"TYS","TN","LGA","NY","TYS:CLT:LGA","16:US",1,190.23,177,2,1
3,"LGA","NY","ORF","VA","LGA:ORF","ZW",1,93.5,296,2,0
3,"FLL","FL","LGA","NY","FLL:CLT:LGA","US:US",1,221.71,631,2,1
3,"JFK","NY","DTW","MI","JFK:DTW","G7",1,323,509,2,0
3,"DAL","TX","ALB","NY","DAL:BWI:ALB","WN:WN",1,310,1209,2,1
3,"ALB","NY","HSV","AL","ALB:ATL:HSV","DL:DL",1,231.5,853,2,1
3,"SYR","NY","DHN","AL","SYR:ATL:DHN","DL:EV",1,482,794,2,1
3,"JFK","NY","CHS","SC","JFK:CHS","B6",1,119.5,636,2,0
3,"JFK","NY","SJC","CA","JFK:SJC","B6",3,208,2569,2,0
3,"BUF","NY","CVG","KY","BUF:PHL:CVG","YX:YX",1,276,279,2,1
3,"LGA","NY","DTW","MI","LGA:DTW","DL",1,214.26,502,2,0
3,"SBN","IN","BGM","NY","SBN:DTW:BGM","OO:9E",1,172,157,2,1
3,"HPN","NY","TPA","FL","HPN:TPA","B6",2,161,1032,2,0
3,"HPN","NY","ATL","GA","HPN:ATL","EV",1,534.65,780,2,0
3,"MLB","FL","HPN","NY","MLB:ATL:HPN","DL:EV",1,123,442,2,1
3,"JFK","NY","DCA","VA","JFK:DCA","9E",1,217,213,2,0
3,"RSW","FL","LGA","NY","RSW:LGA","9E",9,98,1080,2,0
3,"ORD","IL","BUF","NY","ORD:BUF","UA",1,226,473,2,0
3,"RDU","NC","ALB","NY","RDU:ALB","WN",2,296,544,2,0
3,"LGA","NY","SAN","CA","LGA:DEN:SAN","F9:F9",1,227.5,1620,2,1
3,"MIA","FL","JFK","NY","MIA:JFK","DL",5,197,1089,2,0
3,"LGA","NY","STL","MO","LGA:STL","MQ",3,283,888,2,0
3,"RNO","NV","LGA","NY","RNO:DEN:LGA","UA:UA",1,321,804,2,1
3,"SJU","PR","ALB","NY","SJU:CLT:ALB","US:US",1,226,1475,1,1
3,"IAG","NY","MYR","SC","IAG:MYR","NK",2,92.5,650,2,0
3,"ROC","NY","HOU","TX","ROC:MDW:HOU","WN:WN",1,515,523,2,1
3,"EWR","NJ","BUF","NY","EWR:BUF","YX",1,105,282,2,0
3,"JFK","NY","JAX","FL","JFK:JAX","B6",1,239.5,828,2,0
3,"LGA","NY","CLT","NC","LGA:CLT","S5",1,72,544,2,0
3,"SAT","TX","LGA","NY","SAT:DFW:LGA","AA:AA",1,178.47,247,2,1
3,"LGA","NY","BHM","AL","LGA:DCA:BHM","US:ZW",1,174,214,2,1
3,"JFK","NY","ATL","GA","JFK:CLT:ATL","US:US",1,157.51,541,2,1
3,"JFK","NY","MSP","MN","JFK:ORD:MSP","AA:YX",1,177.08,740,2,1
3,"LGA","NY","MYR","SC","LGA:MYR","NK",1,143.5,563,2,0
3,"TPA","FL","LGA","NY","TPA:LGA","B6",2,203.5,1010,2,0
3,"CLT","NC","LGA","NY","CLT:LGA","US",2,140.39,544,2,0
3,"LGA","NY","MKE","WI","LGA:MSP:MKE","DL:DL",1,222.38,1020,2,1
3,"ORD","IL","LGA","NY","ORD:LGA","S5",1,354.5,733,2,0
3,"HLN","MT","JFK","NY","HLN:SLC:JFK","OO:DL",1,219.5,402,2,1
3,"LGA","NY","PIA","IL","LGA:ORD:PIA","UA:AX",1,330,733,2,1
3,"SAN","CA","BUF","NY","SAN:MDW:BUF","WN:WN",2,589,1728,2,1
3,"LGA","NY","CVG","KY","LGA:DCA:CVG","US:ZW",1,124.08,214,2,1
3,"LGA","NY","SNA","CA","LGA:IAH:SNA","UA:UA",1,225.5,1416,2,1
3,"ORD","IL","LGA","NY","ORD:LGA","AA",1,334.5,733,2,0
3,"LGA","NY","IAH","TX","LGA:IAH","US",1,220.5,1416,2,0
3,"MCO","FL","LGA","NY","MCO:JFK:LGA","DL:--",1,230.77,944,2,1
3,"LGA","NY","CMH","OH","LGA:MDW:CMH","WN:WN",1,236.5,725,2,1
3,"MSP","MN","JFK","NY","MSP:JFK","SY",4,204,1029,2,0
3,"MSP","MN","JFK","NY","MSP:JFK","9E",1,406.5,1029,2,0
3,"JFK","NY","PDX","OR","JFK:PHX:FAT:PDX","US:YV:--",1,278.2,2153,2,2
3,"SFO","CA","ALB","NY","SFO:MDW:ALB","WN:WN",2,240,1855,2,1
3,"MSP","MN","LGA","NY","MSP:LGA","DL",1,966,1020,2,0
3,"LGA","NY","DFW","TX","LGA:DFW","AA",1,218.37,1389,2,0
3,"FLL","FL","LGA","NY","FLL:LGA","DL",14,169,1076,2,0
3,"BUF","NY","FLL","FL","BUF:JFK:FLL","B6:B6",1,187,301,2,1
3,"LGA","NY","CHS","SC","LGA:CHS","EV",1,233.5,641,2,0
3,"LGA","NY","CLT","NC","LGA:CLT","US",1,144,544,2,0
3,"JFK","NY","ATL","GA","JFK:ATL","US",2,243.38,760,2,0
3,"PBI","FL","JFK","NY","PBI:JFK","B6",4,206,1028,2,0
3,"DFW","TX","LGA","NY","DFW:LGA","CP",1,662,1389,2,0
3,"JFK","NY","ACK","MA","JFK:ACK","B6",1,187,199,2,0
3,"CLT","NC","SYR","NY","CLT:SYR","US",1,193.65,603,2,0
3,"SJU","PR","BUF","NY","SJU:PHL:BUF","US:US",1,168,1576,1,1
3,"SYR","NY","ONT","CA","SYR:ORD:DFW:ONT","MQ:AA:AA",1,451.38,607,2,2
3,"LAS","NV","BUF","NY","LAS:DTW:BUF","DL:9E",1,164.6,1749,2,1
3,"SEA","WA","JFK","NY","SEA:JFK","DL",1,324.09,2422,2,0
3,"DTW","MI","LGA","NY","DTW:LGA","DL",2,206,502,2,0
3,"JFK","NY","MSY","LA","JFK:MSY","B6",3,160.5,1182,2,0
3,"BUF","NY","BOS","MA","BUF:BOS","ZW",2,121.5,395,2,0
3,"RSW","FL","JFK","NY","RSW:JFK","B6",1,280,1074,2,0
3,"LGA","NY","TVC","MI","LGA:DTW:TVC","DL:DL",1,186.84,502,2,1
3,"MCI","MO","LGA","NY","MCI:STL:LGA","WN:WN",1,205.54,237,2,1
3,"LGA","NY","ORD","IL","LGA:ORD","AA",1,308.5,733,2,0
3,"JFK","NY","SFO","CA","JFK:SFO","AA",1,725,2586,2,0
3,"LGA","NY","SHD","VA","LGA:IAD:SHD","EV:3M",2,215,229,2,1
3,"LGA","NY","MIA","FL","LGA:MIA","DL",1,447,1096,2,0
3,"DEN","CO","LGA","NY","DEN:LGA","UA",2,462,1620,2,0
3,"JFK","NY","BTV","VT","JFK:BTV","B6",1,192,266,2,0
3,"LGA","NY","BOI","ID","LGA:BOI","WN",1,265.73,2159,2,0
3,"SFO","CA","LGA","NY","SFO:MDW:LGA","WN:WN",5,206,1855,2,1
3,"DEN","CO","ROC","NY","DEN:LGA:ROC","DL:9E",1,237.22,1620,2,1
3,"CLT","NC","ALB","NY","CLT:DTW:ALB","DL:RP",1,189,500,2,1
3,"BUF","NY","CLT","NC","BUF:DTW:CLT","DL:DL",1,160,241,2,1
3,"LGA","NY","MIA","FL","LGA:MIA","DL",1,401,1096,2,0
3,"TPA","FL","LGA","NY","TPA:LGA","DL",1,211.5,1010,2,0
3,"JFK","NY","LAX","CA","JFK:LAX","VX",37,329.5,2475,2,0
3,"ROC","NY","EWR","NJ","ROC:EWR","EV",1,109,246,2,0
3,"LGA","NY","MIA","FL","LGA:MIA","DL",1,246.5,1096,2,0
3,"JFK","NY","SFO","CA","JFK:SFO","UA",1,698,2586,2,0
3,"AZO","MI","LGA","NY","AZO:ORD:LGA","MQ:AA",1,183,122,2,1
3,"JFK","NY","MCO","FL","JFK:MCO","B6",21,177,944,2,0
3,"LGA","NY","SFO","CA","LGA:IAD:SFO","EV:UA",1,289,229,2,1
3,"JFK","NY","JAX","FL","JFK:JAX","B6",1,117.5,828,2,0
3,"BUF","NY","DEN","CO","BUF:MDW:DEN","WN:WN",1,171.75,468,2,1
3,"MIA","FL","LGA","NY","MIA:DCA:LGA","AA:US",1,173,919,2,1
3,"CAE","SC","LGA","NY","CAE:LGA","EV",1,191.5,617,2,0
3,"ROC","NY","BOS","MA","ROC:BOS","ZW",1,148,343,2,0
3,"ITH","NY","SEA","WA","ITH:DTW:SEA","9E:DL",1,171.37,353,2,1
3,"ROC","NY","ICT","KS","ROC:ORD:ICT","MQ:OO",1,196.5,528,2,1
3,"JFK","NY","SEA","WA","JFK:SEA","DL",1,195,2422,2,0
3,"JFK","NY","SEA","WA","JFK:EWR:SEA","--:AS",1,311.7,21,2,1
4,"BNA","TN","LGA","NY","BNA:LGA","EV",1,223,764,2,0
4,"MDW","IL","ROC","NY","MDW:ROC","WN",1,194.5,523,2,0
4,"DTW","MI","LGA","NY","DTW:PHL:LGA","US:US",1,105.66,453,2,1
4,"BGM","NY","MCI","MO","BGM:DTW:MCI","9E:DL",1,145,378,2,1
4,"LAS","NV","ROC","NY","LAS:IAD:ROC","UA:C5",1,324.44,2065,2,1
4,"LGA","NY","CLT","NC","LGA:CLT","US",1,460,544,2,0
4,"CLE","OH","LGA","NY","CLE:LGA","EV",1,193,419,2,0
4,"LGA","NY","MCI","MO","LGA:MCI","G7",1,289.5,1107,2,0
4,"ILM","NC","BUF","NY","ILM:PHL:BUF","ZW:ZW",1,206.19,413,2,1
4,"LGA","NY","MIA","FL","LGA:MIA","DL",1,815,1096,2,0
4,"BOS","MA","LGA","NY","BOS:LGA","DL",14,392,184,2,0
4,"PBI","FL","LGA","NY","PBI:LGA","B6",1,298,1035,2,0
4,"JFK","NY","LGB","CA","JFK:LGB","B6",1,208.58,2465,2,0
4,"JFK","NY","DTW","MI","JFK:DTW","DL",1,427.94,509,2,0
4,"SFO","CA","JFK","NY","SFO:JFK","DL",1,215,2586,2,0
4,"DEN","CO","JFK","NY","DEN:SLC:JFK","DL:DL",1,294.73,391,2,1
4,"CLT","NC","JFK","NY","CLT:JFK","B6",1,319.5,541,2,0
4,"ATL","GA","LGA","NY","ATL:LGA","DL",3,298,762,2,0
4,"FLL","FL","LGA","NY","FLL:LGA","DL",3,532,1076,2,0
4,"JFK","NY","SLC","UT","JFK:SLC","DL",1,711.5,1990,2,0
4,"JFK","NY","AUS","TX","JFK:AUS","B6",3,281,1521,2,0
4,"GSP","SC","BUF","NY","GSP:ORD:BUF","AX:UA",1,446.14,578,2,1
4,"MIA","FL","LGA","NY","MIA:LGA","AA",1,421.62,1096,2,0
4,"SYR","NY","FLL","FL","SYR:ATL:FLL","DL:DL",1,292.75,794,2,1
4,"PBG","NY","MCO","FL","PBG:FLL:MCO","NK:NK",1,91.5,1334,2,1
4,"HOU","TX","SYR","NY","HOU:ATL:SYR","DL:DL",1,269.61,696,2,1
4,"JFK","NY","BOI","ID","JFK:LGA:MSP:BOI","--:DL:DL",1,193.23,11,2,2
4,"TUL","OK","LGA","NY","TUL:DFW:LGA","AA:AA",1,319.24,237,2,1
4,"RDU","NC","JFK","NY","RDU:JFK","MQ",1,116.5,427,2,0
4,"IAD","VA","SYR","NY","IAD:SYR","C5",1,238.66,296,2,0
4,"SFO","CA","JFK","NY","SFO:JFK","UA",1,241.98,2586,2,0
4,"JFK","NY","LAX","CA","JFK:LAX","B6",1,224,2475,2,0
4,"JFK","NY","SFO","CA","JFK:LAS:SFO","VX:VX",1,254.64,2248,2,1
4,"ROC","NY","BWI","MD","ROC:BWI","WN",3,134.5,277,2,0
4,"LGA","NY","DAL","TX","LGA:DAL","WN",19,149,1381,2,0
4,"JFK","NY","LAS","NV","JFK:LAS","AA",1,384,2248,2,0
4,"LGA","NY","BRO","TX","LGA:IAH:BRO","UA:EV",1,470.77,1416,2,1
4,"BIS","ND","JFK","NY","BIS:MSP:JFK","DL:DL",1,242.5,386,2,1
4,"LGA","NY","IAH","TX","LGA:IAH","UA",2,493,1416,2,0
4,"SJU","PR","JFK","NY","SJU:JFK","DL",1,511,1598,1,0
4,"SFO","CA","JFK","NY","SFO:JFK","B6",1,266,2586,2,0
4,"RIC","VA","ALB","NY","RIC:EWR:ALB","C5:C5",1,222.67,277,2,1
4,"PBI","FL","HPN","NY","PBI:HPN","B6",8,297,1056,2,0
4,"JFK","NY","PSP","CA","JFK:SLC:PSP","DL:OO",1,498,1990,2,1
4,"JFK","NY","SFO","CA","JFK:SFO","UA",1,2092,2586,2,0
4,"JFK","NY","SJC","CA","JFK:SJC","B6",1,384,2569,2,0
4,"CVG","KY","LGA","NY","CVG:LGA","G7",1,238,585,2,0
4,"JFK","NY","PDX","OR","JFK:PDX","DL",3,333,2454,2,0
4,"DFW","TX","LGA","NY","DFW:LGA","AA",20,139.5,1389,2,0
4,"JFK","NY","ATL","GA","JFK:ATL","DL",1,163,760,2,0
4,"LGA","NY","DEN","CO","LGA:DEN","NK",1,197,1620,2,0
4,"DCA","VA","SYR","NY","DCA:SYR","YX",1,182,298,2,0
4,"AUS","TX","ROC","NY","AUS:DAL:ROC","WN:WN",1,148,189,2,1
4,"LGA","NY","JAN","MS","LGA:ATL:JAN","DL:DL",1,785,762,2,1
4,"DAL","TX","LGA","NY","DAL:LGA","VX",20,142,1381,2,0
4,"JFK","NY","CLT","NC","JFK:CLT","US",2,164,541,2,0
4,"JFK","NY","KOA","HI","JFK:LAX:KOA","DL:DL",1,496,2475,1,1
4,"LGA","NY","TUS","AZ","LGA:DFW:TUS","AA:AA",2,243,1389,2,1
4,"TPA","FL","BUF","NY","TPA:IAD:BUF","UA:EV",1,137,811,2,1
4,"RDU","NC","LGA","NY","RDU:LGA","MQ",2,259,431,2,0
4,"LGA","NY","SRQ","FL","LGA:SRQ","B6",1,121.5,1047,2,0
4,"IAH","TX","JHW","NY","IAH:PIT:JHW","EV:LW",1,204.5,1117,2,1
4,"MSY","LA","JFK","NY","MSY:JFK","DL",1,198.76,1182,2,0
4,"LGA","NY","FLL","FL","LGA:FLL","B6",1,469.5,1076,2,0
4,"CLT","NC","LGA","NY","CLT:LGA","G7",1,103,544,2,0
4,"DSM","IA","SYR","NY","DSM:ORD:SYR","UA:UA",1,253.5,299,2,1
4,"TPA","FL","HPN","NY","TPA:CLT:HPN","US:16",1,110,507,2,1
4,"RDU","NC","BUF","NY","RDU:PHL:BUF","US:17",1,254,337,2,1
4,"CLT","NC","LGA","NY","CLT:LGA","US",1,167.31,544,2,0
4,"JFK","NY","SMF","CA","JFK:PHX:SMF","US:US",1,292.5,2153,2,1
4,"LGA","NY","MSY","LA","LGA:HOU:MSY","WN:WN",1,165.5,1428,2,1
4,"IAH","TX","ROC","NY","IAH:DTW:ROC","EV:9E",1,289.5,1075,2,1
4,"JFK","NY","MSP","MN","JFK:MSP","SY",11,188,1029,2,0
4,"LGA","NY","SJU","PR","LGA:MIA:SJU","AA:AA",1,269.44,1096,1,1
4,"HPN","NY","PIH","ID","HPN:DTW:SLC:PIH","DL:DL:OO",1,376,505,2,2
4,"SYR","NY","FLL","FL","SYR:EWR:FLL","C5:UA",1,186.5,195,2,1
4,"HNL","HI","ROC","NY","HNL:JFK:ROC","DL:RP",1,420.5,4983,1,1
4,"LGA","NY","BNA","TN","LGA:BNA","9E",2,101,764,2,0
4,"FLL","FL","LGA","NY","FLL:CLT:LGA","US:US",1,266,631,2,1
4,"LGA","NY","MIA","FL","LGA:MIA","DL",22,115,1096,2,0
4,"JFK","NY","SFO","CA","JFK:SFO","UA",1,183.75,2586,2,0
4,"TPA","FL","LGA","NY","TPA:LGA","B6",2,133.5,1010,2,0
4,"PIT","PA","LGA","NY","PIT:PHL:LGA","US:ZW",1,330.67,268,2,1
4,"ALB","NY","LAS","NV","ALB:ORD:LAS","UA:UA",1,190,723,2,1
4,"LGA","NY","PBI","FL","LGA:PBI","DL",1,105.57,1035,2,0
4,"JFK","NY","JAX","FL","JFK:JAX","B6",13,97,828,2,0
4,"MSY","LA","ALB","NY","MSY:BWI:ALB","WN:WN",1,349.5,998,2,1
4,"CLT","NC","JFK","NY","CLT:JFK","RP",1,106.5,541,2,0
4,"JFK","NY","LAX","CA","JFK:PHX:PSP:LAX","US:YV:UA",1,391.3,2153,2,2
4,"LGA","NY","OGG","HI","LGA:ORD:OGG","UA:UA",1,1132.35,733,1,1
4,"JFK","NY","LAS","NV","JFK:LAS","DL",1,400,2248,2,0
4,"DCA","VA","HPN","NY","DCA:HPN","16",1,125.5,234,2,0
4,"RDU","NC","ISP","NY","RDU:BWI:ISP","WN:WN",1,209,255,2,1
4,"RDU","NC","BUF","NY","RDU:EWR:BUF","YX:YX",1,234.93,416,2,1
4,"IDA","ID","JFK","NY","IDA:SLC:JFK","OO:DL",1,240,188,2,1
4,"JFK","NY","MSY","LA","JFK:MSY","B6",2,191,1182,2,0
4,"LAX","CA","JFK","NY","LAX:JFK","B6",1,240.99,2475,2,0
4,"AUS","TX","JFK","NY","AUS:JFK","B6",1,228,1521,2,0
4,"LGA","NY","TPA","FL","LGA:TPA","DL",1,186.96,1010,2,0
4,"HPN","NY","SFO","CA","HPN:ORD:SFO","MQ:AA",1,389.5,738,2,1
